UNIPROT_ACCESSION,site,PSI_MOD_ID
A2RUS2,490,S
A2RUS2,472,S
A8MYZ6,184,S
A8MYZ6,26,T
O00141,422,S
O00141,256,T
O00161,95,S
O00186,521,Y
O00203,445,S
O00203,729,S
O00203,602,S
O00203,599,T
O00221,157,S
O00221,161,S
O00238,null,S
O00327,null,S
O00401,256,Y
O00418,366,S
O00763,79,S
O14492,629,Y
O14531,544,S
O14531,null,Y
O14640,null,S
O14654,null,Y
O14733,271,S
O14733,275,T
O14744,307,Y
O14744,304,Y
O14744,297,Y
O14757,345,S
O14757,317,S
O14920,177,S
O14920,181,S
O14950,20,S
O14950,19,T
O14965,288,T
O14974,852,S
O14974,473,S
O14974,696,T
O15055,null,S
O15111,176,S
O15111,180,S
O15111,23,T
O15151,342,S
O15151,367,S
O15151,403,S
O15164,445,S
O15164,729,S
O15164,602,S
O15164,599,T
O15164,null,Y
O15164,766,Y
O15169,524,S
O15169,531,S
O15169,519,T
O15197,645,Y
O15197,651,Y
O15198,465,S
O15198,467,S
O15264,180,T
O15264,182,Y
O15399,null,Y
O15516,null,S
O15534,null,S
O43157,null,Y
O43252,445,S
O43252,729,S
O43252,602,S
O43252,599,T
O43318,192,S
O43318,178,T
O43318,184,T
O43318,187,T
O43521,65,S
O43521,445,S
O43521,729,S
O43521,602,S
O43521,599,T
O43524,215,S
O43524,315,S
O43524,253,S
O43524,32,T
O43559,null,Y
O43559,321,Y
O43559,416,Y
O43559,191,Y
O43559,454,Y
O43559,286,Y
O43561,171,Y
O43561,191,Y
O43561,132,Y
O43561,127,Y
O43561,226,Y
O43561,255,Y
O43561,220,Y
O43561,200,Y
O43561,156,Y
O43561,161,Y
O43597,115,S
O43597,121,S
O43597,112,S
O43597,120,S
O43597,111,S
O43597,55,Y
O43597,227,Y
O43609,53,Y
O43768,67,S
O43914,91,Y
O43914,102,Y
O60216,454,S
O60240,277,S
O60240,81,S
O60285,211,T
O60343,588,S
O60343,318,S
O60343,751,S
O60343,341,S
O60343,570,S
O60343,642,T
O60500,1176,Y
O60500,1217,Y
O60500,1158,Y
O60500,1193,Y
O60674,372,Y
O60674,373,Y
O60674,221,Y
O60674,966,Y
O60674,637,Y
O60674,813,Y
O60674,972,Y
O60674,868,Y
O60674,570,Y
O60674,119,Y
O60674,1008,Y
O60674,1007,Y
O60879,196,S
O60934,343,S
O75051,null,Y
O75197,null,S
O75197,null,T
O75385,758,S
O75385,556,S
O75385,317,S
O75385,467,S
O75385,638,S
O75385,180,T
O75385,575,T
O75460,724,S
O75461,12,S
O75525,null,Y
O75531,4,S
O75531,2,T
O75531,3,T
O75553,220,Y
O75553,198,Y
O75553,232,Y
O75581,null,S
O75581,1490,S
O75581,1479,T
O75581,1493,T
O75581,null,T
O75582,376,S
O75582,212,S
O75582,360,S
O75582,581,T
O75888,244,T
O75914,154,S
O75914,436,T
O75916,478,S
O94856,1319,Y
O94905,776,Y
O94905,766,Y
O94905,730,Y
O94905,583,Y
O94905,653,Y
O94905,654,Y
O94905,585,Y
O94905,463,Y
O95185,454,Y
O95185,449,Y
O95185,667,Y
O95185,649,Y
O95185,568,Y
O95235,528,S
O95267,184,T
O95352,445,S
O95352,729,S
O95352,602,S
O95352,599,T
O95429,776,Y
O95429,766,Y
O95429,730,Y
O95429,583,Y
O95429,653,Y
O95429,654,Y
O95429,585,Y
O95429,463,Y
O95477,1042,S
O95477,2054,S
O95644,179,S
O95644,178,S
O95644,241,S
O95644,237,S
O95644,233,S
O95644,278,S
O95644,181,S
O95644,257,S
O95644,290,S
O95644,286,S
O95644,176,S
O95644,175,S
O95684,null,Y
O95684,766,Y
O95714,4827,T
O95835,909,S
O95835,1097,T
O96017,379,S
O96017,387,T
O96017,383,T
O96017,68,T
O96028,102,S
P00519,456,S
P00533,1101,Y
P00533,1045,Y
P00533,1086,Y
P00533,1068,Y
P00533,1148,Y
P00533,992,Y
P00533,1173,Y
P01100,362,S
P01100,374,S
P01100,325,T
P01100,331,T
P02545,392,S
P02545,22,S
P02545,395,S
P02545,338,S
P02545,621,S
P02545,494,S
P02545,491,T
P02545,341,Y
P03372,118,S
P04049,296,S
P04049,29,S
P04049,259,S
P04049,43,S
P04049,301,S
P04049,642,S
P04049,338,S
P04049,621,S
P04049,494,S
P04049,491,T
P04049,340,Y
P04049,341,Y
P04234,149,Y
P04234,160,Y
P04626,null,Y
P04626,1112,Y
P04626,1023,Y
P04626,1222,Y
P04626,1139,Y
P04626,877,Y
P04626,1221,Y
P04626,1196,Y
P04626,1248,Y
P04629,490,Y
P04629,785,Y
P04629,675,Y
P04629,670,Y
P04629,674,Y
P04637,37,S
P04637,269,S
P04637,33,S
P04637,392,S
P04637,315,S
P04637,46,S
P04637,20,S
P04637,15,S
P04637,284,T
P04637,55,T
P04792,15,S
P04792,78,S
P04792,82,S
P05106,779,T
P05198,52,S
P05412,73,S
P05412,63,S
P05771,661,S
P05771,642,T
P05771,500,T
P06213,1189,Y
P06213,1190,Y
P06213,1185,Y
P06213,999,Y
P06213,1355,Y
P06213,1361,Y
P06239,505,Y
P06239,394,Y
P06241,21,S
P06241,420,Y
P06241,531,Y
P06400,795,S
P06493,14,T
P06493,161,T
P06493,15,Y
P06737,15,S
P06748,4,S
P07550,null,S
P07766,199,Y
P07766,188,Y
P07947,426,Y
P07948,397,Y
P07948,396,Y
P07949,1062,Y
P07949,1015,Y
P07949,981,Y
P07949,1096,Y
P07949,905,Y
P08069,1166,Y
P08069,1165,Y
P08069,1161,Y
P08100,334,S
P08100,338,S
P08100,343,S
P08151,null,S
P08581,1003,Y
P08581,1356,Y
P08581,1234,Y
P08581,1349,Y
P08581,1235,Y
P09619,581,Y
P09619,751,Y
P09619,771,Y
P09619,778,Y
P09619,763,Y
P09619,775,Y
P09619,579,Y
P09619,716,Y
P09619,1021,Y
P09619,740,Y
P09619,857,Y
P09619,1009,Y
P09693,171,Y
P09693,160,Y
P09917,272,S
P10070,824,S
P10070,832,S
P10070,827,S
P10070,870,S
P10070,811,S
P10070,863,S
P10070,867,S
P10070,808,S
P10070,820,S
P10070,836,S
P10070,839,S
P10071,null,S
P10071,1006,S
P10071,980,S
P10071,849,S
P10071,865,S
P10071,877,S
P10071,907,S
P10276,369,S
P10276,219,S
P10398,214,S
P10398,576,S
P10398,299,S
P10398,452,T
P10398,455,T
P10398,302,Y
P10636,356,S
P10636,262,S
P10636,396,S
P10721,741,S
P10721,746,S
P10721,900,Y
P10721,936,Y
P10721,703,Y
P10721,730,Y
P10721,568,Y
P10721,570,Y
P10721,823,Y
P10721,721,Y
P10747,191,Y
P10912,487,Y
P10912,332,Y
P10912,627,Y
P10912,566,Y
P10912,534,Y
P11216,14,S
P11217,15,S
P11274,177,Y
P11274,null,Y
P11274,766,Y
P11362,776,Y
P11362,766,Y
P11362,730,Y
P11362,583,Y
P11362,653,Y
P11362,654,Y
P11362,585,Y
P11362,463,Y
P11802,172,T
P11912,188,Y
P11912,199,Y
P12318,304,Y
P12318,288,Y
P12830,753,Y
P12830,754,Y
P12931,530,Y
P12931,416,Y
P12931,419,Y
P13807,null,S
P14598,320,S
P14598,328,S
P14598,303,S
P14598,348,S
P14598,345,S
P14598,304,S
P14635,133,S
P14635,126,S
P14635,128,S
P14635,144,S
P14649,20,S
P14784,null,Y
P14784,364,Y
P14784,418,Y
P14784,536,Y
P14921,38,T
P15036,72,T
P15056,null,S
P15056,365,S
P15056,151,S
P15056,750,S
P15056,753,S
P15056,445,S
P15056,729,S
P15056,602,S
P15056,null,T
P15056,401,T
P15056,599,T
P15260,440,Y
P15311,567,T
P15311,354,Y
P15311,146,Y
P15336,69,T
P15336,71,T
P15391,378,Y
P15391,531,Y
P15391,348,Y
P15391,500,Y
P15391,409,Y
P15391,439,Y
P15498,null,Y
P15498,160,Y
P15498,142,Y
P15498,174,Y
P15923,139,S
P15927,33,S
P16104,140,S
P16104,143,Y
P16118,33,S
P16220,133,S
P16234,720,Y
P16234,1018,Y
P16234,731,Y
P16234,742,Y
P16234,572,Y
P16234,768,Y
P16234,762,Y
P16234,849,Y
P16234,988,Y
P16234,754,Y
P16234,574,Y
P16284,663,Y
P16284,686,Y
P16410,182,Y
P16410,165,Y
P16471,611,Y
P16871,449,Y
P16885,null,Y
P16885,1197,Y
P16885,753,Y
P16885,1217,Y
P16885,759,Y
P17181,481,Y
P17181,466,Y
P17252,657,S
P17252,497,T
P17252,638,T
P17302,265,Y
P17676,321,S
P17676,235,T
P18846,63,S
P19086,27,S
P19105,19,S
P19174,null,Y
P19174,1253,Y
P19174,771,Y
P19174,783,Y
P19174,472,Y
P19235,485,Y
P19235,426,Y
P19235,468,Y
P19235,454,Y
P19235,368,Y
P19235,489,Y
P19235,504,Y
P19235,456,Y
P19419,389,S
P19419,383,S
P19419,324,S
P19419,422,S
P19419,336,T
P19429,24,S
P19429,23,S
P19793,21,S
P19838,927,S
P19838,932,S
P19878,233,T
P20273,822,Y
P20273,762,Y
P20273,807,Y
P20700,393,S
P20700,23,S
P20700,395,S
P20700,405,S
P20963,123,Y
P20963,83,Y
P20963,111,Y
P20963,153,Y
P20963,72,Y
P20963,142,Y
P21333,2152,S
P21709,599,Y
P21709,605,Y
P21802,588,Y
P21802,466,Y
P21802,733,Y
P21802,656,Y
P21802,586,Y
P21802,657,Y
P21802,467,Y
P21802,587,Y
P21802,589,Y
P21802,658,Y
P21802,734,Y
P21802,null,Y
P21802,770,Y
P21802,780,Y
P21802,768,Y
P21802,585,Y
P21802,655,Y
P21802,732,Y
P21802,465,Y
P21802,731,Y
P21802,767,Y
P21802,584,Y
P21802,654,Y
P21802,464,Y
P21802,778,Y
P21802,769,Y
P21802,779,Y
P21860,1289,Y
P21860,1054,Y
P21860,1199,Y
P21860,1276,Y
P21860,1197,Y
P21860,1260,Y
P21860,1262,Y
P21860,1222,Y
P21860,1328,Y
P21860,1224,Y
P21953,292,S
P22455,719,Y
P22455,642,Y
P22455,764,Y
P22455,643,Y
P22455,754,Y
P22607,null,Y
P22607,647,Y
P22607,648,Y
P22607,577,Y
P22607,724,Y
P22607,772,Y
P22607,726,Y
P22607,762,Y
P22607,649,Y
P22607,579,Y
P22607,650,Y
P22607,770,Y
P22607,760,Y
P22681,null,Y
P22681,774,Y
P22681,731,Y
P22681,700,Y
P22681,371,Y
P22736,351,S
P23246,null,Y
P23443,371,S
P23443,389,T
P23458,1023,Y
P23458,1022,Y
P23458,1034,Y
P23458,null,Y
P23528,3,S
P23588,422,S
P24385,286,T
P24394,null,Y
P24844,20,S
P24844,19,T
P24928,7,S
P24928,null,S
P24928,2,S
P24928,5,S
P24941,160,T
P24941,15,Y
P25054,1503,S
P25054,1510,S
P25054,1507,S
P25054,1504,S
P25054,1505,S
P25054,1501,S
P25098,29,S
P25685,149,S
P25685,171,S
P25685,151,S
P25963,32,S
P25963,36,S
P26651,186,S
P26651,60,S
P26678,16,S
P27361,202,T
P27361,204,Y
P28482,185,T
P28482,187,Y
P28749,975,S
P28749,640,S
P28749,964,S
P28749,369,T
P29317,594,Y
P29317,588,Y
P29320,596,Y
P29320,602,Y
P29322,610,Y
P29322,616,Y
P29323,596,Y
P29323,602,Y
P29353,139,S
P29353,29,S
P29353,427,Y
P29353,349,Y
P29353,350,Y
P29353,194,Y
P29353,195,Y
P29353,272,Y
P29353,null,Y
P29353,317,Y
P29353,240,Y
P29353,239,Y
P29474,1177,S
P29597,null,Y
P29597,1055,Y
P29597,1054,Y
P29966,163,S
P29966,159,S
P29966,167,S
P29966,170,S
P30273,65,Y
P30273,76,Y
P30291,53,S
P30304,40,S
P30304,116,S
P30304,261,S
P30304,123,S
P30305,50,S
P30305,321,S
P30305,470,S
P30305,160,S
P30305,69,T
P30307,214,S
P30307,168,S
P30307,122,S
P30307,191,S
P30307,198,S
P30307,216,S
P30307,48,T
P30307,130,T
P30307,67,T
P30530,772,Y
P30530,814,Y
P31152,186,S
P31749,473,S
P31749,308,T
P31749,326,Y
P31749,315,Y
P31751,474,S
P31751,309,T
P31785,null,Y
P32004,1181,S
P32004,1248,S
P32004,1204,S
P32004,1152,S
P32004,null,Y
P32004,1176,Y
P32004,1229,Y
P32119,89,T
P32927,585,S
P32927,593,Y
P32927,628,Y
P33151,665,S
P34741,191,Y
P34741,179,Y
P35222,552,S
P35222,33,S
P35222,37,S
P35222,45,S
P35222,41,T
P35222,null,Y
P35226,null,S
P35270,213,S
P35568,732,Y
P35568,896,Y
P35568,662,Y
P35568,941,Y
P35568,1179,Y
P35568,612,Y
P35568,null,Y
P35968,1214,Y
P35968,1175,Y
P35968,1059,Y
P35968,1054,Y
P35968,951,Y
P35968,801,Y
P36507,null,S
P36507,222,S
P36507,226,S
P36507,null,T
P36888,955,Y
P36888,591,Y
P36888,589,Y
P36888,768,Y
P36888,599,Y
P36888,969,Y
P36894,220,S
P36894,216,S
P36894,218,S
P36894,215,S
P36896,187,S
P36896,193,S
P36896,191,S
P36896,189,S
P36896,188,T
P36896,206,T
P36897,191,S
P36897,187,S
P36897,165,S
P36897,189,S
P36897,185,T
P36897,186,T
P38398,988,S
P38398,1387,S
P38398,1423,S
P38398,1524,S
P38398,1547,S
P38936,130,S
P38936,145,T
P38936,77,Y
P39880,null,Y
P39880,766,Y
P40189,null,Y
P40189,905,Y
P40189,759,Y
P40189,915,Y
P40189,767,Y
P40189,814,Y
P40259,196,Y
P40259,207,Y
P40763,727,S
P40763,705,Y
P40818,945,T
P41181,256,S
P41279,400,S
P41279,290,T
P42224,727,S
P42224,701,Y
P42226,407,S
P42226,641,Y
P42229,649,Y
P42229,694,Y
P42261,849,S
P42262,880,S
P42680,206,Y
P42680,519,Y
P42681,91,Y
P42681,420,Y
P42685,387,Y
P42695,1419,S
P42695,1415,T
P42768,291,Y
P43146,1420,Y
P43351,104,Y
P43403,315,Y
P43403,493,Y
P43405,null,Y
P43405,525,Y
P43405,352,Y
P43405,323,Y
P43405,131,Y
P43405,526,Y
P43405,348,Y
P45983,null,T
P45983,null,Y
P45984,183,T
P45984,185,Y
P45985,257,S
P45985,261,T
P46109,null,Y
P46527,10,S
P46527,157,T
P46527,187,T
P46527,88,Y
P46531,null,S
P46734,189,S
P46734,193,T
P46937,109,S
P46937,164,S
P46937,61,S
P46937,397,S
P46937,127,S
P46937,407,Y
P46937,null,Y
P47712,505,S
P47712,727,S
P48357,1079,Y
P48357,986,Y
P48357,1141,Y
P49023,null,Y
P49023,118,Y
P49023,31,Y
P49137,272,S
P49137,222,T
P49137,334,T
P49815,1130,S
P49815,939,S
P49815,1387,S
P49815,1462,T
P49840,21,S
P49841,9,S
P49918,91,Y
P50548,526,T
P51114,445,S
P51114,729,S
P51114,602,S
P51114,599,T
P51587,3387,T
P51608,423,S
P51608,435,S
P51608,80,S
P51608,92,S
P51608,308,T
P51608,320,T
P51617,null,S
P51617,376,S
P51617,null,T
P51617,387,T
P51617,209,T
P51692,649,Y
P51692,699,Y
P51797,338,S
P51797,621,S
P51797,494,S
P51797,491,T
P51797,341,Y
P51805,null,Y
P51812,715,S
P51812,386,S
P51812,227,S
P51812,369,S
P51812,231,T
P51812,365,T
P51812,737,T
P51812,577,T
P52333,904,Y
P52333,939,Y
P52333,null,Y
P52564,207,S
P52564,211,T
P52630,null,Y
P52630,690,Y
P52735,172,Y
P52799,330,Y
P52799,311,Y
P52799,316,Y
P52948,822,S
P52948,591,S
P52948,608,S
P52948,839,S
P52948,606,S
P52948,595,S
P52948,612,S
P52948,623,S
P52948,536,T
P52948,529,T
P52948,653,T
P52948,546,T
P52948,670,T
P52948,553,T
P53350,210,T
P53667,null,S
P53667,508,T
P53671,505,T
P53778,183,T
P53778,185,Y
P53779,221,T
P53779,223,Y
P54646,172,T
P54753,614,Y
P54753,608,Y
P54756,656,Y
P54756,650,Y
P54760,596,Y
P54760,590,Y
P54762,594,Y
P54762,600,Y
P54764,596,Y
P54764,602,Y
P54840,null,S
P55211,196,S
P55211,125,Y
P56211,62,S
P56945,null,Y
P56945,387,Y
P56945,410,Y
P56945,362,Y
P56945,372,Y
P56945,249,Y
P56945,666,Y
P56945,327,Y
P56945,306,Y
P56945,287,Y
P56945,234,Y
P56945,267,Y
P56945,664,Y
P56945,165,Y
P58753,187,Y
P58753,159,Y
P58753,106,Y
P58753,86,Y
P60484,380,S
P60484,370,S
P60484,385,S
P60484,382,T
P60484,383,T
P60484,336,Y
P60660,20,S
P62714,307,Y
P62753,244,S
P62753,236,S
P62753,240,S
P62753,235,S
P62753,247,S
P62820,195,T
P67775,307,Y
P68431,11,S
P68431,12,T
P78324,428,Y
P78324,495,Y
P78324,469,Y
P78324,452,Y
P78356,326,S
P78527,2612,S
P78527,2638,T
P78527,2609,T
P78527,2647,T
P78552,null,Y
P84022,423,S
P84022,425,S
P84022,179,T
P84243,12,T
P98077,null,Y
P98172,343,Y
P98172,324,Y
P98172,329,Y
P98177,197,S
P98177,262,S
P98177,32,T
Q00534,177,T
Q00535,159,S
Q00535,15,Y
Q00613,121,S
Q00613,303,S
Q00613,307,S
Q00613,230,S
Q00613,326,S
Q00653,99,S
Q00653,115,S
Q00653,870,S
Q00653,866,S
Q00653,872,S
Q00653,123,S
Q00653,108,S
Q00987,407,S
Q00987,386,S
Q00987,395,S
Q00987,188,S
Q00987,166,S
Q00987,218,T
Q00987,419,T
Q01113,116,Y
Q01196,273,S
Q01196,249,S
Q01196,276,T
Q01196,379,Y
Q01196,376,Y
Q01196,258,Y
Q01196,380,Y
Q01196,254,Y
Q01196,260,Y
Q01196,387,Y
Q01362,229,Y
Q01362,225,Y
Q01362,219,Y
Q01449,23,S
Q02045,21,S
Q02078,408,S
Q02078,312,T
Q02078,319,T
Q02156,729,S
Q02156,566,T
Q02156,710,T
Q02241,904,S
Q02241,905,S
Q02750,222,S
Q02750,218,S
Q02750,292,T
Q02750,286,T
Q02763,1119,S
Q02763,1102,Y
Q02763,1108,Y
Q02763,992,Y
Q02763,1113,Y
Q02763,816,Y
Q03393,19,S
Q04206,276,S
Q04637,1148,S
Q04637,1192,S
Q04637,1108,S
Q04759,695,S
Q04759,676,S
Q04759,219,T
Q04759,538,T
Q04759,90,Y
Q04912,1360,Y
Q04912,1239,Y
Q04912,1353,Y
Q04912,1238,Y
Q05397,732,S
Q05397,194,Y
Q05397,null,Y
Q05397,576,Y
Q05397,407,Y
Q05397,397,Y
Q05397,925,Y
Q05397,861,Y
Q05397,577,Y
Q05469,649,S
Q05469,650,S
Q05513,null,S
Q05513,560,T
Q05513,410,T
Q05655,664,S
Q05655,645,S
Q05655,507,T
Q06124,584,Y
Q06124,546,Y
Q06187,551,Y
Q06187,223,Y
Q06413,396,S
Q06413,387,T
Q06413,300,T
Q06413,293,T
Q06609,309,T
Q06830,90,T
Q07343,54,S
Q07352,54,S
Q07352,92,S
Q07352,203,S
Q07666,443,Y
Q07666,435,Y
Q07666,440,Y
Q07889,1167,S
Q07889,1132,S
Q07889,1178,S
Q07889,1193,S
Q08050,739,S
Q08050,730,S
Q08050,611,T
Q08379,37,S
Q08881,180,Y
Q08881,512,Y
Q08999,1035,S
Q08999,672,S
Q08999,401,T
Q09472,null,S
Q09472,null,T
Q12778,215,S
Q12778,256,S
Q12778,319,S
Q12778,24,T
Q12791,1195,S
Q12879,null,Y
Q12888,1778,S
Q12888,25,S
Q12968,296,S
Q12968,244,S
Q12968,172,S
Q12968,236,S
Q12968,288,S
Q12968,300,S
Q12968,344,S
Q12968,168,S
Q12968,171,S
Q12968,240,S
Q12968,169,S
Q12968,174,S
Q12968,265,S
Q13009,829,Y
Q13043,183,T
Q13094,145,Y
Q13094,128,Y
Q13094,113,Y
Q13131,183,T
Q13153,144,S
Q13153,423,T
Q13164,218,T
Q13164,220,Y
Q13177,192,S
Q13177,20,S
Q13177,197,S
Q13177,19,S
Q13177,55,S
Q13177,141,S
Q13177,402,T
Q13177,130,Y
Q13188,180,T
Q13224,1336,Y
Q13224,1474,Y
Q13224,1252,Y
Q13224,null,Y
Q13233,1400,T
Q13233,1412,T
Q13315,1981,S
Q13362,337,S
Q13370,295,S
Q13371,19,S
Q13371,20,S
Q13371,25,S
Q13371,18,S
Q13415,null,S
Q13415,null,T
Q13469,274,S
Q13469,221,S
Q13469,177,S
Q13469,217,S
Q13469,174,S
Q13469,213,S
Q13469,276,S
Q13469,268,S
Q13469,172,S
Q13469,280,S
Q13469,326,S
Q13469,171,S
Q13469,175,S
Q13469,243,S
Q13480,null,Y
Q13480,589,Y
Q13480,627,Y
Q13480,447,Y
Q13480,472,Y
Q13480,659,Y
Q13541,37,T
Q13541,46,T
Q13546,null,S
Q13554,287,T
Q13555,287,T
Q13557,287,T
Q13651,496,Y
Q13651,446,Y
Q13761,null,Y
Q13882,447,Y
Q13882,351,Y
Q13882,342,Y
Q13950,196,S
Q13950,183,S
Q13950,312,S
Q13950,298,S
Q13950,432,S
Q13950,418,S
Q13950,465,S
Q13950,451,S
Q13950,294,S
Q13950,302,S
Q13950,280,S
Q13950,284,S
Q13950,288,S
Q13950,198,T
Q13950,200,T
Q13950,187,T
Q13950,185,T
Q14012,177,T
Q14103,83,S
Q14103,87,S
Q14114,null,Y
Q14155,516,T
Q14164,172,S
Q14194,518,S
Q14194,522,S
Q14194,509,T
Q14194,514,T
Q14194,null,Y
Q14195,518,S
Q14195,522,S
Q14195,509,T
Q14195,514,T
Q14195,null,Y
Q14247,113,S
Q14289,null,Y
Q14289,402,Y
Q14457,15,S
Q14653,339,S
Q14653,405,S
Q14653,398,S
Q14653,402,S
Q14653,396,S
Q14653,404,T
Q14676,699,T
Q14676,765,T
Q14676,719,T
Q14676,752,T
Q14676,4,T
Q14693,106,S
Q14765,693,Y
Q14956,525,Y
Q14957,null,Y
Q14980,2055,T
Q15003,570,S
Q15003,null,T
Q15021,null,S
Q15021,1389,T
Q15021,1339,T
Q15021,1384,T
Q15080,315,S
Q15080,154,T
Q15116,248,Y
Q15116,223,Y
Q15173,368,S
Q15303,1056,Y
Q15303,1188,Y
Q15303,1242,Y
Q15303,1046,Y
Q15303,1232,Y
Q15303,1178,Y
Q15303,1172,Y
Q15303,1226,Y
Q15349,730,S
Q15349,360,S
Q15349,218,S
Q15349,377,S
Q15349,570,T
Q15349,730,T
Q15349,356,T
Q15375,614,Y
Q15375,608,Y
Q15418,732,S
Q15418,380,S
Q15418,221,S
Q15418,363,S
Q15418,573,T
Q15418,359,T
Q15418,732,T
Q15436,742,S
Q15436,747,T
Q15464,null,S
Q15653,23,S
Q15653,19,S
Q15717,318,S
Q15717,158,S
Q15717,221,S
Q15746,1208,S
Q15746,1759,S
Q15759,180,T
Q15759,182,Y
Q15768,318,Y
Q15768,323,Y
Q15768,337,Y
Q15796,465,S
Q15796,467,S
Q15796,220,T
Q15797,465,S
Q15797,463,S
Q16288,705,Y
Q16288,709,Y
Q16288,710,Y
Q16288,516,Y
Q16288,834,Y
Q16512,774,T
Q16513,816,T
Q16526,null,S
Q16539,180,T
Q16539,182,Y
Q16555,518,S
Q16555,522,S
Q16555,514,T
Q16555,509,T
Q16555,null,Y
Q16566,13,S
Q16566,12,S
Q16566,200,T
Q16620,479,S
Q16620,516,Y
Q16620,817,Y
Q16620,706,Y
Q16620,707,Y
Q16620,702,Y
Q16620,674,Y
Q16620,490,Y
Q16620,785,Y
Q16620,675,Y
Q16620,670,Y
Q16630,null,Y
Q16630,766,Y
Q16644,null,S
Q16644,null,T
Q16659,189,S
Q16659,705,S
Q16659,684,S
Q16659,688,S
Q16659,698,T
Q16665,797,S
Q16665,565,Y
Q2PPJ7,696,S
Q2PPJ7,486,S
Q2PPJ7,715,T
Q32MZ4,null,Y
Q32MZ4,766,Y
Q49AN0,null,S
Q52LA3,28,S
Q53H12,445,S
Q53H12,729,S
Q53H12,602,S
Q53H12,599,T
Q5JZY3,null,Y
Q5VWK5,null,Y
Q5VWX1,null,Y
Q5XG87,338,S
Q5XG87,621,S
Q5XG87,494,S
Q5XG87,491,T
Q5XG87,341,Y
Q684P5,7,S
Q6IBW4,null,S
Q6NXG1,338,S
Q6NXG1,621,S
Q6NXG1,494,S
Q6NXG1,491,T
Q6NXG1,341,Y
Q6P3S1,null,S
Q6P5Z2,718,T
Q6PGQ7,497,S
Q6PGQ7,252,S
Q6PGQ7,501,T
Q6PIZ9,79,Y
Q6PIZ9,110,Y
Q6PIZ9,63,Y
Q6RW13,445,S
Q6RW13,729,S
Q6RW13,602,S
Q6RW13,599,T
Q6UWB1,611,Y
Q6UWZ7,406,S
Q6WCQ1,338,S
Q6WCQ1,621,S
Q6WCQ1,494,S
Q6WCQ1,491,T
Q6WCQ1,341,Y
Q6ZMT4,445,S
Q6ZMT4,729,S
Q6ZMT4,602,S
Q6ZMT4,599,T
Q6ZUJ8,444,Y
Q6ZUJ8,419,Y
Q6ZUJ8,263,Y
Q6ZUJ8,459,Y
Q71DI3,11,S
Q71DI3,12,T
Q7KZF4,445,S
Q7KZF4,729,S
Q7KZF4,602,S
Q7KZF4,599,T
Q7L9L4,35,T
Q7L9L4,12,T
Q7Z2W4,445,S
Q7Z2W4,729,S
Q7Z2W4,602,S
Q7Z2W4,599,T
Q7Z6A9,226,Y
Q7Z6A9,257,Y
Q7Z6A9,282,Y
Q7Z6M1,null,S
Q7Z7A1,null,Y
Q7Z7A1,766,Y
Q86TI0,237,S
Q86XD5,445,S
Q86XD5,729,S
Q86XD5,602,S
Q86XD5,599,T
Q86XI2,null,S
Q86XR7,16,S
Q86YS7,197,S
Q8IU57,517,Y
Q8IU57,343,Y
Q8IV61,133,T
Q8IVP5,17,S
Q8IVP5,13,S
Q8IVP5,18,Y
Q8IVT5,406,S
Q8IVT5,311,S
Q8IVT5,552,Y
Q8IW41,115,S
Q8IW41,182,T
Q8IYD8,1045,S
Q8IZP0,410,S
Q8IZP0,216,S
Q8IZP0,183,S
Q8IZP0,225,S
Q8IZP0,392,S
Q8N0Z6,203,S
Q8N0Z6,221,S
Q8N122,722,S
Q8N122,792,S
Q8N163,454,T
Q8N302,338,S
Q8N302,621,S
Q8N302,494,S
Q8N302,491,T
Q8N302,341,Y
Q8N5V2,179,Y
Q8N6P7,251,Y
Q8N6P7,301,Y
Q8NB16,358,S
Q8NB16,357,T
Q8NER5,177,S
Q8NER5,179,S
Q8NER5,181,S
Q8NER5,175,T
Q8NER5,194,T
Q8NHY2,387,S
Q8TAQ5,68,S
Q8TD19,869,S
Q8TD19,750,S
Q8TD19,29,S
Q8TD19,210,T
Q8TD19,333,T
Q8TDX7,195,S
Q8TEH3,538,S
Q8TEH3,536,S
Q8WU20,463,T
Q8WU20,132,T
Q8WU20,455,T
Q8WU20,458,T
Q8WU20,376,T
Q8WU20,452,T
Q8WU20,135,T
Q8WU20,138,T
Q8WU20,null,Y
Q8WU20,196,Y
Q8WU20,392,Y
Q8WU20,306,Y
Q8WU20,471,Y
Q8WU20,349,Y
Q8WU20,436,Y
Q8WV24,95,S
Q8WV28,178,Y
Q8WV28,96,Y
Q8WV28,84,Y
Q8WV28,72,Y
Q8WV28,189,Y
Q92529,null,Y
Q92539,106,S
Q92558,null,S
Q92558,null,T
Q92558,151,Y
Q92614,null,Y
Q92614,766,Y
Q92630,442,S
Q92630,106,T
Q92794,369,T
Q92900,1127,S
Q92900,1084,S
Q92900,1107,S
Q92900,1089,S
Q92934,128,S
Q92934,99,S
Q92945,193,S
Q92945,692,T
Q92985,479,S
Q92985,477,S
Q96A00,38,T
Q96A32,16,S
Q96B36,183,S
Q96B36,246,T
Q96CV9,177,S
Q96CW1,156,T
Q96FF9,75,S
Q96FF9,21,S
Q96FF9,159,T
Q96GX5,207,T
Q96GX5,741,T
Q96GX5,194,T
Q96IF1,null,S
Q96JH7,131,S
Q96MS0,1330,S
Q96MS0,1019,Y
Q96P48,231,Y
Q96PU8,445,S
Q96PU8,729,S
Q96PU8,602,S
Q96PU8,599,T
Q96SD1,516,S
Q96SD1,645,S
Q96T51,292,Y
Q96T51,281,Y
Q99466,1917,S
Q99466,1495,S
Q99466,1865,S
Q99466,1847,S
Q99504,null,S
Q99558,559,T
Q99665,800,Y
Q99704,362,Y
Q99708,327,S
Q99708,859,T
Q99708,847,T
Q99717,465,S
Q99717,463,S
Q99728,734,T
Q99728,714,T
Q99743,null,S
Q99835,595,S
Q99835,616,S
Q99835,590,S
Q99835,615,S
Q99835,588,S
Q99835,611,S
Q99835,593,T
Q99996,445,S
Q99996,729,S
Q99996,602,S
Q99996,599,T
Q9BPU6,534,S
Q9BPU6,null,Y
Q9BPX3,null,S
Q9BPX3,332,T
Q9BPX3,308,T
Q9BQA1,5,T
Q9BQK8,106,S
Q9BQQ3,189,S
Q9BQQ3,274,S
Q9BQQ3,373,S
Q9BQQ3,216,T
Q9BUA6,null,S
Q9BUA6,null,T
Q9BUB5,437,S
Q9BUB5,250,T
Q9BUB5,385,T
Q9BUB5,255,T
Q9BVI0,291,S
Q9BX63,990,S
Q9BXL7,559,S
Q9BXL7,652,S
Q9BXL7,644,S
Q9BXL7,645,S
Q9BXL7,552,S
Q9BXN2,15,Y
Q9BXW9,717,S
Q9BXW9,691,T
Q9GZV5,89,S
Q9GZY6,95,Y
Q9GZY6,40,Y
Q9GZY6,84,Y
Q9GZY6,136,Y
Q9GZY6,110,Y
Q9GZY6,118,Y
Q9GZY6,233,Y
Q9GZY6,58,Y
Q9GZY6,119,Y
Q9GZY6,193,Y
Q9H063,75,S
Q9H063,60,S
Q9H063,68,S
Q9H0U4,191,T
Q9H257,231,T
Q9H8S9,35,T
Q9H8S9,12,T
Q9H8Y8,222,T
Q9H8Y8,225,T
Q9HAW4,945,S
Q9HAW4,916,T
Q9HB75,788,T
Q9HC77,595,S
Q9HC77,589,S
Q9HC98,206,S
Q9HCM2,null,Y
Q9HCM3,445,S
Q9HCM3,729,S
Q9HCM3,602,S
Q9HCM3,599,T
Q9NP71,196,S
Q9NP71,568,S
Q9NP71,666,T
Q9NPB6,345,S
Q9NQB0,212,T
Q9NQB0,201,T
Q9NQC7,418,S
Q9NRM7,871,S
Q9NRM7,1041,T
Q9NRY4,1105,Y
Q9NRY5,445,S
Q9NRY5,729,S
Q9NRY5,602,S
Q9NRY5,599,T
Q9NTJ3,null,S
Q9NVI1,617,S
Q9NVI1,565,S
Q9NVI1,556,S
Q9NVI1,559,S
Q9NVK5,null,Y
Q9NVK5,766,Y
Q9NWQ8,317,Y
Q9NWZ3,346,S
Q9NWZ3,342,T
Q9NWZ3,345,T
Q9NYA1,225,S
Q9NYB9,225,S
Q9NYB9,183,S
Q9NYB9,410,S
Q9NYB9,216,S
Q9NYZ3,435,S
Q9NYZ3,526,T
Q9NYZ3,513,T
Q9P126,7,Y
Q9UBE8,298,T
Q9UBK2,266,S
Q9UBK2,539,S
Q9UBK2,299,T
Q9UBK2,263,T
Q9UBK2,178,T
Q9UBS0,15,S
Q9UBS0,356,S
Q9UBW7,null,Y
Q9UBW7,766,Y
Q9UD71,137,S
Q9UD71,102,S
Q9UD71,75,T
Q9UD71,34,T
Q9UF33,611,Y
Q9UF33,605,Y
Q9UGK3,250,Y
Q9UHC7,109,S
Q9UHD2,172,S
Q9UHD2,649,Y
Q9UIW2,null,Y
Q9UJU2,166,S
Q9UJU2,155,T
Q9UK32,372,S
Q9UK32,232,S
Q9UK32,389,S
Q9UK32,742,T
Q9UK32,581,T
Q9UK32,368,T
Q9UKT4,149,S
Q9UKT4,145,S
Q9UKT4,182,S
Q9UKW4,173,Y
Q9ULH0,1096,Y
Q9ULK5,84,S
Q9ULK5,82,S
Q9ULK5,5,S
Q9UM47,null,Y
Q9UN19,139,Y
Q9UPP1,33,S
Q9UPP1,84,S
Q9UPP1,120,S
Q9UPP1,69,S
Q9UPV9,338,S
Q9UPV9,621,S
Q9UPV9,494,S
Q9UPV9,491,T
Q9UPV9,341,Y
Q9UPY6,null,S
Q9UPY6,null,T
Q9UPY6,151,Y
Q9UQC2,614,Y
Q9UQC2,643,Y
Q9UQC2,null,Y
Q9UQC2,584,Y
Q9UQC2,476,Y
Q9UQC2,452,Y
Q9UQM7,306,T
Q9UQM7,305,T
Q9UQM7,286,T
Q9Y243,472,S
Q9Y243,305,T
Q9Y266,274,S
Q9Y266,326,S
Q9Y2X7,383,Y
Q9Y365,284,S
Q9Y3M2,20,S
Q9Y4H2,null,Y
Q9Y4I1,1652,S
Q9Y572,227,S
Q9Y572,199,S
Q9Y5P4,null,S
Q9Y5P4,132,S
Q9Y5P4,null,T
Q9Y5Y0,56,S
Q9Y5Y0,534,S
Q9Y6F6,670,S
Q9Y6F6,657,S
Q9Y6N7,1073,Y
Q9Y6Q9,857,S
Q9Y6W5,343,S
Q9Y6W5,346,T
Q9Y6W5,150,Y
Q9Y6W8,180,Y